"Código do IBGE";"Código do Município";"Município";"Estado";"Ano de Referência";"Prestadores";"Serviços";"Natureza Jurídica";"POP_TOT - População total do município (Fonte: IBGE):";"POP_URB - População urbana do município (Fonte: IBGE)";"AG001 - População total atendida com abastecimento de água";"ES001 - População total atendida com esgotamento sanitário";"CO014 - População urbana atendida com serviço de coleta de RDO";"IN015_AE - Índice de coleta de esgoto";"IN016_AE - Índice de tratamento de esgoto";"IN024_AE - Índice de atendimento urbano de esgoto referido aos municípios atendidos com água"
2402006;240200;Caicó;RN;2022;[24081000] Companhia de Águas e Esgotos do Rio Grande do Norte - CAERN | [24020040] PREFEITURA MUNICIPAL DE CAICÓ - PMC;Água e Esgoto | Res. Sólidos;Sociedade de economia mista com administração pública | Administração pública direta;61.146;;59.015;15.437;;22,13;91,35;;
2402006;240200;Caicó;RN;2021;[24081000] Companhia de Águas e Esgotos do Rio Grande do Norte - CAERN | [24020040] PREFEITURA MUNICIPAL DE CAICÓ - PMC;Água e Esgoto | Res. Sólidos;Sociedade de economia mista com administração pública | Administração pública direta;68.726;62.974;68.726;15.433;;22,72;100,00;24,51;
2402006;240200;Caicó;RN;2020;[24081000] Companhia de Águas e Esgotos do Rio Grande do Norte - CAERN | [24020040] PREFEITURA MUNICIPAL DE CAICÓ - RN;Água e Esgoto | Res. Sólidos;Sociedade de economia mista com administração pública | Administração pública direta;68.343;62.624;68.343;15.436;;24,33;100,00;24,65;
2402006;240200;Caicó;RN;2019;[24081000] Companhia de Águas e Esgotos do Rio Grande do Norte - CAERN;Água e Esgoto;Sociedade de economia mista com administração pública;67.952;62.265;67.952;14.061;;16,34;100,00;22,48;
;240200;Caicó;RN;2018;[24081000] Companhia de Águas e Esgotos do Rio Grande do Norte - CAERN;Água e Esgoto;;67.554;61.901;67.551;5.737;;9,28;100,00;9,27;
;240200;Caicó;RN;2017;[24081000] Companhia de Águas e Esgotos do Rio Grande do Norte - CAERN | [24020040] PREFEITURA MUNICIPAL DE CAICÓ - RN;Água e Esgoto | Res. Sólidos;;68.222;62.513;52.562;5.748;;7,42;100,00;9,15;
;240200;Caicó;RN;2016;[24081000] Companhia de Águas e Esgotos do Rio Grande do Norte - CAERN | [24020040] PREFEITURA MUNICIPAL DE CAICÓ - RN;Água e Esgoto | Res. Sólidos;;67.747;62.077;67.459;5.797;;7,20;100,00;9,34;
;240200;Caicó;RN;2015;[24081000] Companhia de Águas e Esgotos do Rio Grande do Norte - CAERN | [24020040] PREFEITURA MUNICIPAL DE CAICÓ - RN;Água e Esgoto | Res. Sólidos;;67.259;61.630;61.630;5.683;;7,15;100,00;9,22;
;240200;Caicó;RN;2014;[24081000] Companhia de Águas e Esgotos do Rio Grande do Norte - CAERN | [24020040] PREFEITURA MUNICIPAL DE CAICÓ - RN;Água e Esgoto | Res. Sólidos;;66.759;61.172;66.754;5.660;;7,05;100,00;9,25;
;240200;Caicó;RN;2013;[24081000] Companhia de Águas e Esgotos do Rio Grande do Norte - CAERN | [24020040] PREFEITURA MUNICIPAL DE CAICÓ - RN;Água e Esgoto | Res. Sólidos;;66.246;60.702;66.246;5.476;;6,75;100,00;9,01;
;240200;Caicó;RN;2012;[24081000] Companhia de Águas e Esgotos do Rio Grande do Norte - CAERN | [24020040] PREFEITURA MUNICIPAL DE CAICÓ - RN;Água e Esgoto | Res. Sólidos;;63.571;58.251;63.571;5.224;;6,27;100,00;8,97;
;240200;Caicó;RN;2011;[24081000] Companhia de Águas e Esgotos do Rio Grande do Norte - CAERN | [24020040] PREFEITURA MUNICIPAL DE CAICÓ - RN;Água e Esgoto | Res. Sólidos;;63.148;57.863;58.194;4.454;;6,64;100,00;7,70;
;240200;Caicó;RN;2010;[24081000] Companhia de Águas e Esgotos do Rio Grande do Norte - CAERN | [24020040] PREFEITURA MUNICIPAL DE CAICÓ - RN;Água e Esgoto | Res. Sólidos;;62.709;57.461;57.461;4.421;;6,01;100,00;7,69;
;240200;Caicó;RN;2009;[24081000] Companhia de Águas e Esgotos do Rio Grande do Norte - CAERN | [24020040] PREFEITURA MUNICIPAL DE CAICÓ - RN;Água e Esgoto | Res. Sólidos;;63.006;57.116;56.300;3.896;;;100,00;6,82;
;240200;Caicó;RN;2008;[24081000] Companhia de Águas e Esgotos do Rio Grande do Norte - CAERN | [24020040] PREFEITURA MUNICIPAL DE CAICÓ - RN;Água e Esgoto | Res. Sólidos;;62.497;56.655;55.639;3.843;55.800;;100,00;6,78;
;240200;Caicó;RN;2007;[24081000] Companhia de Águas e Esgotos do Rio Grande do Norte - CAERN | [24020040] PREFEITURA MUNICIPAL DE CAICÓ - RN;Água e Esgoto | Res. Sólidos;;60.656;54.986;54.986;3.780;56.200;5,35;100,00;6,87;
;240200;Caicó;RN;2006;[24081000] Companhia de Águas e Esgotos do Rio Grande do Norte - CAERN | [24020040] PREFEITURA MUNICIPAL DE CAICÓ - RN;Água e Esgoto | Res. Sólidos;;61.704;54.800;58.773;4.021;54.800;5,37;100,00;7,34;
;240200;Caicó;RN;2005;[24081000] Companhia de Águas e Esgotos do Rio Grande do Norte - CAERN | [24020040] PREFEITURA MUNICIPAL DE CAICÓ - RN;Água e Esgoto | Res. Sólidos;;60.988;54.164;57.329;4.106;55.000;5,65;100,00;7,58;
;240200;Caicó;RN;2004;[24081000] Companhia de Águas e Esgotos do Rio Grande do Norte - CAERN | [24020040] PREFEITURA MUNICIPAL DE CAICÓ - RN;Água e Esgoto | Res. Sólidos;;60.266;53.523;55.921;3.259;53.523;4,56;100,00;6,09;
;240200;Caicó;RN;2003;[24081000] Companhia de Águas e Esgotos do Rio Grande do Norte - CAERN;Água e Esgoto;;58.962;52.365;54.547;3.239;;;100,00;6,19;
2405801;240580;João Câmara;RN;2022;[24081000] Companhia de Águas e Esgotos do Rio Grande do Norte - CAERN | [24058040] PREFEITURA MUNICIPAL DE JOÃO CAMARA - PMJC;Água e Esgoto | Res. Sólidos;Sociedade de economia mista com administração pública | Administração pública direta;33.290;;25.330;14.593;;50,45;91,72;;
2405801;240580;João Câmara;RN;2021;[24081000] Companhia de Águas e Esgotos do Rio Grande do Norte - CAERN | [24058040] PREFEITURA MUNICIPAL DE JOÃO CAMARA - PMJC;Água e Esgoto | Res. Sólidos;Sociedade de economia mista com administração pública | Administração pública direta;35.360;24.860;31.670;14.691;;47,82;100,00;59,09;
2405801;240580;João Câmara;RN;2020;[24081000] Companhia de Águas e Esgotos do Rio Grande do Norte - CAERN | [24058040] PREFEITURA MUNICIPAL DE JOÃO CAMARA - PMJC;Água e Esgoto | Res. Sólidos;Sociedade de economia mista com administração pública | Administração pública direta;35.160;24.719;32.261;12.457;;41,21;100,00;50,39;
2405801;240580;João Câmara;RN;2019;[24081000] Companhia de Águas e Esgotos do Rio Grande do Norte - CAERN | [24058040] PREFEITURA MUNICIPAL DE JOÃO CAMARA - PMJC;Água e Esgoto | Res. Sólidos;Sociedade de economia mista com administração pública | Administração pública direta;34.955;24.575;31.403;12.317;;40,85;100,00;48,61;
;240580;João Câmara;RN;2018;[24081000] Companhia de Águas e Esgotos do Rio Grande do Norte - CAERN | [24058040] PREFEITURA MUNICIPAL DE JOÃO CAMARA - PMJC;Água e Esgoto | Res. Sólidos;;34.747;24.429;34.743;11.633;;35,40;100,00;47,62;
;240580;João Câmara;RN;2017;[24081000] Companhia de Águas e Esgotos do Rio Grande do Norte - CAERN | [24058040] PREFEITURA MUNICIPAL DE JOÃO CAMARA - PMJC;Água e Esgoto | Res. Sólidos;;35.087;24.668;28.095;9.581;;29,57;100,00;37,70;
;240580;João Câmara;RN;2016;[24081000] Companhia de Águas e Esgotos do Rio Grande do Norte - CAERN | [24058040] PREFEITURA MUNICIPAL DE JOÃO CAMARA - PMJC;Água e Esgoto | Res. Sólidos;;34.839;24.493;27.803;9.359;;28,28;100,00;38,21;
;240580;João Câmara;RN;2015;[24081000] Companhia de Águas e Esgotos do Rio Grande do Norte - CAERN | [24058040] PREFEITURA MUNICIPAL DE JOÃO CAMARA - PMJC;Água e Esgoto | Res. Sólidos;;34.585;24.315;25.385;9.237;;27,78;100,00;37,99;
;240580;João Câmara;RN;2014;[24081000] Companhia de Águas e Esgotos do Rio Grande do Norte - CAERN | [24058040] PREFEITURA MUNICIPAL DE JOÃO CAMARA - PMJC;Água e Esgoto | Res. Sólidos;;34.324;24.131;26.510;8.839;;26,66;100,00;36,63;
;240580;João Câmara;RN;2013;[24081000] Companhia de Águas e Esgotos do Rio Grande do Norte - CAERN | [24058040] PREFEITURA MUNICIPAL DE JOÃO CAMARA - PMJC;Água e Esgoto | Res. Sólidos;;34.057;23.944;25.747;7.740;;22,22;100,00;32,33;
;240580;João Câmara;RN;2012;[24081000] Companhia de Águas e Esgotos do Rio Grande do Norte - CAERN;Água e Esgoto;;32.677;22.973;24.684;6.198;;18,45;100,00;26,98;
;240580;João Câmara;RN;2011;[24081000] Companhia de Águas e Esgotos do Rio Grande do Norte - CAERN | [24058040] PREFEITURA MUNICIPAL DE JOÃO CAMARA - PMJC;Água e Esgoto | Res. Sólidos;;32.456;22.818;22.946;4.113;;7,11;100,00;18,03;
;240580;João Câmara;RN;2010;[24081000] Companhia de Águas e Esgotos do Rio Grande do Norte - CAERN;Água;;32.227;22.657;22.489;;;;;;
;240580;João Câmara;RN;2009;[24081000] Companhia de Águas e Esgotos do Rio Grande do Norte - CAERN;Água;;31.518;21.683;21.217;;;;;;
;240580;João Câmara;RN;2008;[24081000] Companhia de Águas e Esgotos do Rio Grande do Norte - CAERN | [24058040] PREFEITURA MUNICIPAL DE JOÃO CAMARA - PMJC;Água | Res. Sólidos;;31.332;21.555;21.073;;31.332;;;;
;240580;João Câmara;RN;2007;[24081000] Companhia de Águas e Esgotos do Rio Grande do Norte - CAERN | [24058040] PREFEITURA MUNICIPAL DE JOÃO CAMARA - PMJC;Água | Res. Sólidos;;30.423;20.930;20.930;;30.423;;;;
;240580;João Câmara;RN;2006;[24081000] Companhia de Águas e Esgotos do Rio Grande do Norte - CAERN | [24058040] PREFEITURA MUNICIPAL DE JOÃO CAMARA - PMJC;Água | Res. Sólidos;;31.757;21.668;20.314;;31.000;;;;
;240580;João Câmara;RN;2005;[24081000] Companhia de Águas e Esgotos do Rio Grande do Norte - CAERN | [24058040] PREFEITURA MUNICIPAL DE JOÃO CAMARA - PMJC;Água | Res. Sólidos;;31.374;21.407;20.254;;23.000;;;;
;240580;João Câmara;RN;2004;[24081000] Companhia de Águas e Esgotos do Rio Grande do Norte - CAERN;Água;;30.989;21.144;20.194;;;;;;
;240580;João Câmara;RN;2003;[24081000] Companhia de Águas e Esgotos do Rio Grande do Norte - CAERN;Água;;30.294;20.670;20.134;;;;;;
2407203;240720;Macau;RN;2022;[24081000] Companhia de Águas e Esgotos do Rio Grande do Norte - CAERN | [24072040] Prefeitura Municipal - PM;Água e Esgoto | Res. Sólidos;Sociedade de economia mista com administração pública | Administração pública direta;27.369;;17.962;20.137;;81,14;91,32;;
2407203;240720;Macau;RN;2021;[24081000] Companhia de Águas e Esgotos do Rio Grande do Norte - CAERN | [24072040] Prefeitura Municipal - PM;Água e Esgoto | Res. Sólidos;Sociedade de economia mista com administração pública | Administração pública direta;32.260;24.474;21.935;20.134;;88,97;100,00;82,27;
2407203;240720;Macau;RN;2020;[24081000] Companhia de Águas e Esgotos do Rio Grande do Norte - CAERN | [24072040] Prefeitura Municipal - PM;Água e Esgoto | Res. Sólidos;Sociedade de economia mista com administração pública | Administração pública direta;32.039;24.306;23.137;20.090;;85,53;100,00;82,65;
2407203;240720;Macau;RN;2019;[24081000] Companhia de Águas e Esgotos do Rio Grande do Norte - CAERN | [24072040] Prefeitura Municipal - PM;Água e Esgoto | Res. Sólidos;Sociedade de economia mista com administração pública | Administração pública direta;31.814;24.136;24.088;20.340;;84,51;100,00;77,93;
;240720;Macau;RN;2018;[24081000] Companhia de Águas e Esgotos do Rio Grande do Norte - CAERN | [24072040] Prefeitura Municipal - PM;Água e Esgoto | Res. Sólidos;;31.584;23.961;24.559;20.147;;92,51;100,00;84,08;
;240720;Macau;RN;2017;[24081000] Companhia de Águas e Esgotos do Rio Grande do Norte - CAERN | [24072040] Prefeitura Municipal - PM;Água e Esgoto | Res. Sólidos;;31.859;24.170;21.982;20.272;;81,18;100,00;82,65;
;240720;Macau;RN;2016;[24081000] Companhia de Águas e Esgotos do Rio Grande do Norte - CAERN | [24072040] Prefeitura Municipal - PM;Água e Esgoto | Res. Sólidos;;31.592;23.967;25.314;20.699;;75,16;100,00;86,36;
;240720;Macau;RN;2015;[24081000] Companhia de Águas e Esgotos do Rio Grande do Norte - CAERN | [24072040] Prefeitura Municipal - PM;Água e Esgoto | Res. Sólidos;;31.318;23.759;23.797;20.618;;75,53;100,00;86,78;
;240720;Macau;RN;2014;[24081000] Companhia de Águas e Esgotos do Rio Grande do Norte - CAERN | [24072040] Prefeitura Municipal - PM;Água e Esgoto | Res. Sólidos;;31.037;23.546;24.806;20.665;;72,42;100,00;87,75;
;240720;Macau;RN;2013;[24081000] Companhia de Águas e Esgotos do Rio Grande do Norte - CAERN;Água e Esgoto;;30.749;23.328;25.360;21.098;;74,52;100,00;90,43;
;240720;Macau;RN;2012;[24081000] Companhia de Águas e Esgotos do Rio Grande do Norte - CAERN;Água e Esgoto;;29.446;22.339;24.282;21.375;;77,31;100,00;95,68;
;240720;Macau;RN;2011;[24081000] Companhia de Águas e Esgotos do Rio Grande do Norte - CAERN;Água e Esgoto;;29.204;22.156;22.333;21.392;;78,23;100,00;96,55;
;240720;Macau;RN;2010;[24081000] Companhia de Águas e Esgotos do Rio Grande do Norte - CAERN;Água e Esgoto;;28.954;21.966;21.966;21.399;;79,12;100,00;97,42;
;240720;Macau;RN;2009;[24081000] Companhia de Águas e Esgotos do Rio Grande do Norte - CAERN;Água e Esgoto;;28.157;21.782;21.722;21.722;;;100,00;99,72;
;240720;Macau;RN;2008;[24081000] Companhia de Águas e Esgotos do Rio Grande do Norte - CAERN;Água e Esgoto;;27.951;21.623;21.353;21.353;;;100,00;98,75;
;240720;Macau;RN;2007;[24081000] Companhia de Águas e Esgotos do Rio Grande do Norte - CAERN;Água e Esgoto;;27.132;20.989;20.989;20.989;;54,99;100,00;100,00;
;240720;Macau;RN;2006;[24081000] Companhia de Águas e Esgotos do Rio Grande do Norte - CAERN;Água e Esgoto;;25.489;18.459;26.788;7.228;;19,65;100,00;39,16;
;240720;Macau;RN;2005;[24081000] Companhia de Águas e Esgotos do Rio Grande do Norte - CAERN;Água e Esgoto;;25.521;18.482;26.119;5.442;;17,98;100,00;29,44;
;240720;Macau;RN;2004;[24081000] Companhia de Águas e Esgotos do Rio Grande do Norte - CAERN;Água e Esgoto;;25.554;18.506;25.426;4.728;;16,30;100,00;25,55;
;240720;Macau;RN;2003;[24081000] Companhia de Águas e Esgotos do Rio Grande do Norte - CAERN;Água e Esgoto;;25.612;18.548;18.640;4.233;;;100,00;22,82;
2408003;240800;Mossoró;RN;2022;[24081000] Companhia de Águas e Esgotos do Rio Grande do Norte - CAERN | [24080040] DIRETORIA EXECUTIVA DE SERVIÇOS URBANOS - DESUR;Água e Esgoto | Res. Sólidos;Sociedade de economia mista com administração pública | Administração pública direta;264.577;;235.085;163.333;;54,80;91,22;;
2408003;240800;Mossoró;RN;2021;[24081000] Companhia de Águas e Esgotos do Rio Grande do Norte - CAERN | [24080040] DIRETORIA EXECUTIVA DE SERVIÇOS URBANOS - DESUR;Água e Esgoto | Res. Sólidos;Sociedade de economia mista com administração pública | Administração pública direta;303.792;277.397;284.049;156.375;;58,16;100,00;56,37;
2408003;240800;Mossoró;RN;2020;[24081000] Companhia de Águas e Esgotos do Rio Grande do Norte - CAERN | [24080040] DIRETORIA EXECUTIVA DE SERVIÇOS URBANOS - DESUR;Água e Esgoto | Res. Sólidos;Sociedade de economia mista com administração pública | Administração pública direta;300.618;274.499;289.808;154.790;;57,31;100,00;56,39;
2408003;240800;Mossoró;RN;2019;[24081000] Companhia de Águas e Esgotos do Rio Grande do Norte - CAERN | [24080040] DIRETORIA EXECUTIVA DE SERVIÇOS URBANOS - DESUR;Água e Esgoto | Res. Sólidos;Sociedade de economia mista com administração pública | Administração pública direta;297.378;271.540;287.679;147.844;;56,45;100,00;54,33;
;240800;Mossoró;RN;2018;[24081000] Companhia de Águas e Esgotos do Rio Grande do Norte - CAERN | [24080040] DIRETORIA EXECUTIVA DE SERVIÇOS URBANOS - DESUR;Água e Esgoto | Res. Sólidos;;294.076;268.525;294.075;135.982;;51,78;100,00;50,64;
;240800;Mossoró;RN;2017;[24081000] Companhia de Águas e Esgotos do Rio Grande do Norte - CAERN | [24080040] SECRETARIA EXECUTIVA DE SERVIÇOS URBANOS - SEMSUR;Água e Esgoto | Res. Sólidos;;295.619;269.934;269.345;127.564;;44,16;100,00;47,10;
;240800;Mossoró;RN;2016;[24081000] Companhia de Águas e Esgotos do Rio Grande do Norte - CAERN | [24080040] SECRETARIA EXECUTIVA DE SERVIÇOS URBANOS - SEMSUR;Água e Esgoto | Res. Sólidos;;291.937;266.572;277.119;130.511;;42,83;100,00;48,96;
;240800;Mossoró;RN;2015;[24081000] Companhia de Águas e Esgotos do Rio Grande do Norte - CAERN | [24080040] SECRETARIA DE SERVIÇOS URBANOS - SEMSUR;Água e Esgoto | Res. Sólidos;;288.162;263.125;263.279;129.456;;42,80;100,00;49,20;
;240800;Mossoró;RN;2014;[24081000] Companhia de Águas e Esgotos do Rio Grande do Norte - CAERN | [24080040] SECRETARIA DE SERVIÇOS URBANOS - SEMSUR;Água e Esgoto | Res. Sólidos;;284.288;259.588;266.847;127.705;;40,29;100,00;49,20;
;240800;Mossoró;RN;2013;[24081000] Companhia de Águas e Esgotos do Rio Grande do Norte - CAERN | [24080040] SECRETARIA EXECUTIVA DE SERVIÇOS URBANOS - SEMSUR;Água e Esgoto | Res. Sólidos;;280.314;255.959;262.780;108.848;;38,09;100,00;42,52;
;240800;Mossoró;RN;2012;[24081000] Companhia de Águas e Esgotos do Rio Grande do Norte - CAERN | [24080040] SECRETARIA DE SERVIÇOS URBANOS - SEMSUR;Água e Esgoto | Res. Sólidos;;266.758;243.581;251.138;106.938;;37,66;100,00;43,90;
;240800;Mossoró;RN;2011;[24081000] Companhia de Águas e Esgotos do Rio Grande do Norte - CAERN | [24080040] SECRETARIA DE SERVIÇOS URBANOS - SEMSUR;Água e Esgoto | Res. Sólidos;;263.344;240.463;238.214;91.963;;30,59;100,00;38,24;
;240800;Mossoró;RN;2010;[24081000] Companhia de Águas e Esgotos do Rio Grande do Norte - CAERN | [24080040] SECRETARIA DE SERVIÇOS URBANOS - SEMSUR;Água e Esgoto | Res. Sólidos;;259.815;237.241;221.043;84.239;;34,38;100,00;35,51;
;240800;Mossoró;RN;2009;[24081000] Companhia de Águas e Esgotos do Rio Grande do Norte - CAERN | [24080040] SECRETARIA DE SERVIÇOS URBANOS - SEMSUR;Água e Esgoto | Res. Sólidos;;244.287;223.284;218.750;83.812;;;100,00;37,54;
;240800;Mossoró;RN;2008;[24081000] Companhia de Águas e Esgotos do Rio Grande do Norte - CAERN | [24080040] SECRETARIA DE SERVIÇOS URBANOS - SEMSUR;Água e Esgoto | Res. Sólidos;;241.645;220.869;214.471;75.459;238.225;;100,00;34,16;
;240800;Mossoró;RN;2007;[24081000] Companhia de Águas e Esgotos do Rio Grande do Norte - CAERN | [24080040] SECRETARIA DE SERVIÇOS URBANOS - SEMSUR;Água e Esgoto | Res. Sólidos;;234.390;214.238;207.425;60.551;229.925;24,86;100,00;28,26;
;240800;Mossoró;RN;2006;[24081000] Companhia de Águas e Esgotos do Rio Grande do Norte - CAERN | [24080040] SECRETARIA DE SERVIÇOS URBANOS - SEMSUR;Água e Esgoto | Res. Sólidos;;229.787;213.926;217.966;54.815;226.914;22,96;100,00;25,62;
;240800;Mossoró;RN;2005;[24081000] Companhia de Águas e Esgotos do Rio Grande do Norte - CAERN | [24080040] SECRETARIA DE SERVIÇOS URBANOS - SEMSUR;Água e Esgoto | Res. Sólidos;;227.357;211.664;205.738;52.142;224.446;23,47;100,00;24,63;
;240800;Mossoró;RN;2004;[24081000] Companhia de Águas e Esgotos do Rio Grande do Norte - CAERN | [24080040] SECRETARIA DE SERVIÇOS URBANOS - SEMSUR;Água e Esgoto | Res. Sólidos;;224.910;209.386;201.585;43.811;163.860;20,50;100,00;20,92;
;240800;Mossoró;RN;2003;[24081000] Companhia de Águas e Esgotos do Rio Grande do Norte - CAERN | [24080040] SECRETARIA DE SERVIÇOS URBANOS - SEMSUR;Água e Esgoto | Res. Sólidos;;220.487;205.268;202.552;41.747;213.841;;100,00;20,34;
2408102;240810;Natal;RN;2022;[24081000] Companhia de Águas e Esgotos do Rio Grande do Norte - CAERN | [24081040] COMPANHIA DE SERVIÇOS URBANOS DE NATAL - URBANA;Água e Esgoto | Res. Sólidos;Sociedade de economia mista com administração pública | Sociedade de economia mista com administração pública;751.300;;690.187;404.126;;55,05;91,18;;
2408102;240810;Natal;RN;2021;[24081000] Companhia de Águas e Esgotos do Rio Grande do Norte - CAERN | [24081040] COMPANHIA DE SERVIÇOS URBANOS DE NATAL - URBANA;Água e Esgoto | Res. Sólidos;Sociedade de economia mista com administração pública | Sociedade de economia mista com administração pública;896.708;896.708;846.550;392.610;;57,95;100,00;43,78;
2408102;240810;Natal;RN;2020;[24081000] Companhia de Águas e Esgotos do Rio Grande do Norte - CAERN | [24081040] COMPANHIA DE SERVIÇOS URBANOS DE NATAL - URBANA;Água e Esgoto | Res. Sólidos;Sociedade de economia mista com administração pública | Sociedade de economia mista com administração pública;890.480;890.480;854.563;385.343;;55,07;100,00;43,27;
2408102;240810;Natal;RN;2019;[24081000] Companhia de Águas e Esgotos do Rio Grande do Norte - CAERN | [24081040] COMPANHIA DE SERVIÇOS URBANOS DE NATAL - URBANA;Água e Esgoto | Res. Sólidos;Sociedade de economia mista com administração pública | Sociedade de economia mista com administração pública;884.122;884.122;854.347;377.092;;54,82;100,00;42,65;
;240810;Natal;RN;2018;[24081000] Companhia de Águas e Esgotos do Rio Grande do Norte - CAERN | [24081040] COMPANHIA DE SERVIÇOS URBANOS DE NATAL - URBANA;Água e Esgoto | Res. Sólidos;;877.640;877.640;852.972;343.019;;50,31;100,00;39,08;
;240810;Natal;RN;2017;[24081000] Companhia de Águas e Esgotos do Rio Grande do Norte - CAERN | [24081040] COMPANHIA DE SERVIÇOS URBANOS DE NATAL - URBANA;Água e Esgoto | Res. Sólidos;;885.180;885.180;829.073;325.550;;41,53;100,00;36,78;
;240810;Natal;RN;2016;[24081000] Companhia de Águas e Esgotos do Rio Grande do Norte - CAERN | [24081040] COMPANHIA DE SERVIÇOS URBANOS DE NATAL - URBANA;Água e Esgoto | Res. Sólidos;;877.662;877.662;804.086;335.026;;39,83;72,80;38,17;
;240810;Natal;RN;2015;[24081000] Companhia de Águas e Esgotos do Rio Grande do Norte - CAERN | [24081040] COMPANHIA DE SERVIÇOS URBANOS DE NATAL - URBANA;Água e Esgoto | Res. Sólidos;;869.954;869.954;825.384;326.907;;37,31;72,80;37,58;
;240810;Natal;RN;2014;[24081000] Companhia de Águas e Esgotos do Rio Grande do Norte - CAERN | [24081040] COMPANHIA DE SERVIÇOS URBANOS DE NATAL - URBANA;Água e Esgoto | Res. Sólidos;;862.044;862.044;816.724;304.817;;35,74;72,80;35,36;
;240810;Natal;RN;2013;[24081000] Companhia de Águas e Esgotos do Rio Grande do Norte - CAERN | [24081040] COMPANHIA DE SERVIÇOS URBANOS DE NATAL - URBANA;Água e Esgoto | Res. Sólidos;;853.928;853.928;809.455;303.950;;37,55;72,80;35,59;
;240810;Natal;RN;2012;[24081000] Companhia de Águas e Esgotos do Rio Grande do Norte - CAERN | [24081040] COMPANHIA DE SERVIÇOS URBANOS DE NATAL - URBANA;Água e Esgoto | Res. Sólidos;;817.590;817.590;772.694;306.534;;36,90;72,80;37,49;
;240810;Natal;RN;2011;[24081000] Companhia de Águas e Esgotos do Rio Grande do Norte - CAERN | [24081040] COMPANHIA DE SERVIÇOS URBANOS DE NATAL - URBANA;Água e Esgoto | Res. Sólidos;;810.780;810.780;735.836;268.234;;61,35;72,80;33,08;
;240810;Natal;RN;2010;[24081000] Companhia de Águas e Esgotos do Rio Grande do Norte - CAERN | [24081040] COMPANHIA DE SERVIÇOS URBANOS DE NATAL - URBANA;Água e Esgoto | Res. Sólidos;;803.739;803.739;721.191;263.976;;35,58;47,58;32,84;
;240810;Natal;RN;2009;[24081000] Companhia de Águas e Esgotos do Rio Grande do Norte - CAERN | [24081040] COMPANHIA DE SERVIÇOS URBANOS DE NATAL - URBANA;Água e Esgoto | Res. Sólidos;;806.203;806.203;743.031;256.140;;;47,58;31,77;
;240810;Natal;RN;2008;[24081000] Companhia de Águas e Esgotos do Rio Grande do Norte - CAERN | [24081040] COMPANHIA DE SERVIÇOS URBANOS DE NATAL - URBANA;Água e Esgoto | Res. Sólidos;;798.065;798.065;720.098;250.218;778.991;;100,00;31,35;
;240810;Natal;RN;2007;[24081000] Companhia de Águas e Esgotos do Rio Grande do Norte - CAERN | [24081040] COMPANHIA DE SERVIÇOS URBANOS DE NATAL - URBANA;Água e Esgoto | Res. Sólidos;;774.230;774.230;706.610;243.970;771.017;34,71;47,58;31,51;
;240810;Natal;RN;2006;[24081000] Companhia de Águas e Esgotos do Rio Grande do Norte - CAERN | [24081040] COMPANHIA DE SERVIÇOS URBANOS DE NATAL - URBANA;Água e Esgoto | Res. Sólidos;;789.896;789.896;784.118;258.947;771.017;30,95;47,58;32,78;
;240810;Natal;RN;2005;[24081000] Companhia de Águas e Esgotos do Rio Grande do Norte - CAERN | [24081040] COMPANHIA DE SERVIÇOS URBANOS DE NATAL - URBANA;Água e Esgoto | Res. Sólidos;;778.040;778.040;753.272;254.769;759.445;32,92;47,58;32,74;
;240810;Natal;RN;2004;[24081000] Companhia de Águas e Esgotos do Rio Grande do Norte - CAERN | [24081040] COMPANHIA DE SERVIÇOS URBANOS DE NATAL - URBANA;Água e Esgoto | Res. Sólidos;;766.081;766.081;735.696;246.613;747.772;32,38;47,58;32,19;
;240810;Natal;RN;2003;[24081000] Companhia de Águas e Esgotos do Rio Grande do Norte - CAERN | [24081040] COMPANHIA DE SERVIÇOS URBANOS DE NATAL - URBANA;Água e Esgoto | Res. Sólidos;;744.794;744.794;722.808;239.412;729.993;;47,58;32,14;
2409407;240940;Pau dos Ferros;RN;2022;[24081000] Companhia de Águas e Esgotos do Rio Grande do Norte - CAERN | [24094040] Secretaria Municipal de Infraestrutura - SEINFRA;Água e Esgoto | Res. Sólidos;Sociedade de economia mista com administração pública | Administração pública direta;30.479;;26.701;6.969;;21,32;91,40;;
2409407;240940;Pau dos Ferros;RN;2021;[24081000] Companhia de Águas e Esgotos do Rio Grande do Norte - CAERN | [24094040] Secretaria Municipal de Infraestrutura - SEINFRA;Água e Esgoto | Res. Sólidos;Sociedade de economia mista com administração pública | Administração pública direta;30.802;28.366;30.802;6.976;;23,38;100,00;24,59;
2409407;240940;Pau dos Ferros;RN;2020;[24081000] Companhia de Águas e Esgotos do Rio Grande do Norte - CAERN | [24094040] Prefeitura Municipal de Pau dos Ferros - PMPF;Água e Esgoto | Res. Sólidos;Sociedade de economia mista com administração pública | Administração pública direta;30.600;28.180;30.600;6.955;;24,77;100,00;24,68;
2409407;240940;Pau dos Ferros;RN;2019;[24081000] Companhia de Águas e Esgotos do Rio Grande do Norte - CAERN | [24094040] Prefeitura Municipal de Pau dos Ferros - PMPF;Água e Esgoto | Res. Sólidos;Sociedade de economia mista com administração pública | Administração pública direta;30.394;27.991;29.256;6.916;;26,55;100,00;24,63;
;240940;Pau dos Ferros;RN;2018;[24081000] Companhia de Águas e Esgotos do Rio Grande do Norte - CAERN | [24094040] Prefeitura Municipal de Pau dos Ferros - PMPF;Água e Esgoto | Res. Sólidos;;30.183;27.796;30.183;6.772;;22,94;100,00;24,36;
;240940;Pau dos Ferros;RN;2017;[24081000] Companhia de Águas e Esgotos do Rio Grande do Norte - CAERN;Água e Esgoto;;30.452;28.044;29.591;5.587;;16,53;100,00;19,87;
;240940;Pau dos Ferros;RN;2016;[24081000] Companhia de Águas e Esgotos do Rio Grande do Norte - CAERN | [24094040] Prefeitura Municipal de Pau dos Ferros - PMPF;Água e Esgoto | Res. Sólidos;;30.206;27.817;28.055;4.174;;10,42;100,00;15,01;
;240940;Pau dos Ferros;RN;2015;[24081000] Companhia de Águas e Esgotos do Rio Grande do Norte - CAERN | [24094040] Prefeitura Municipal de Pau dos Ferros - PMPF;Água e Esgoto | Res. Sólidos;;29.954;27.585;27.622;3.782;;9,75;100,00;13,71;
;240940;Pau dos Ferros;RN;2014;[24081000] Companhia de Águas e Esgotos do Rio Grande do Norte - CAERN | [24094040] Prefeitura Municipal de Pau dos Ferros - PMPF;Água e Esgoto | Res. Sólidos;;29.696;27.348;29.694;3.806;;9,52;100,00;13,92;
;240940;Pau dos Ferros;RN;2013;[24081000] Companhia de Águas e Esgotos do Rio Grande do Norte - CAERN | [24094040] Prefeitura Municipal de Pau dos Ferros - PMPF;Água e Esgoto | Res. Sólidos;;29.430;27.103;29.430;3.816;;8,69;100,00;14,08;
;240940;Pau dos Ferros;RN;2012;[24081000] Companhia de Águas e Esgotos do Rio Grande do Norte - CAERN | [24094040] Prefeitura Municipal de Pau dos Ferros - PMPF;Água e Esgoto | Res. Sólidos;;28.197;25.967;28.197;3.317;;8,51;100,00;12,77;
;240940;Pau dos Ferros;RN;2011;[24081000] Companhia de Águas e Esgotos do Rio Grande do Norte - CAERN | [24094040] Prefeitura Municipal de Pau dos Ferros - PMPF;Água e Esgoto | Res. Sólidos;;27.975;25.763;25.900;3.321;;8,91;100,00;12,89;
;240940;Pau dos Ferros;RN;2010;[24081000] Companhia de Águas e Esgotos do Rio Grande do Norte - CAERN;Água e Esgoto;;27.745;25.551;25.551;3.314;;9,07;100,00;12,97;
;240940;Pau dos Ferros;RN;2009;[24081000] Companhia de Águas e Esgotos do Rio Grande do Norte - CAERN;Água e Esgoto;;27.809;25.145;24.726;3.419;;;100,00;13,60;
;240940;Pau dos Ferros;RN;2008;[24081000] Companhia de Águas e Esgotos do Rio Grande do Norte - CAERN;Água e Esgoto;;27.547;24.909;24.446;3.332;;;100,00;13,38;
;240940;Pau dos Ferros;RN;2007;[24081000] Companhia de Águas e Esgotos do Rio Grande do Norte - CAERN;Água e Esgoto;;26.728;24.168;24.168;2.953;;8,95;100,00;12,22;
;240940;Pau dos Ferros;RN;2006;[24081000] Companhia de Águas e Esgotos do Rio Grande do Norte - CAERN | [24094040] Prefeitura Municipal de Pau dos Ferros - PMPF;Água e Esgoto | Res. Sólidos;;27.663;24.929;27.341;3.030;18.230;8,74;100,00;12,15;
;240940;Pau dos Ferros;RN;2005;[24081000] Companhia de Águas e Esgotos do Rio Grande do Norte - CAERN | [24094040] Prefeitura Municipal de Pau dos Ferros - PMPF;Água e Esgoto | Res. Sólidos;;27.221;24.531;26.331;2.906;24.531;8,88;100,00;11,85;
;240940;Pau dos Ferros;RN;2004;[24081000] Companhia de Águas e Esgotos do Rio Grande do Norte - CAERN | [24094040] Prefeitura Municipal de Pau dos Ferros - PMPF;Água e Esgoto | Res. Sólidos;;26.775;24.129;25.549;2.731;22.068;8,74;100,00;11,32;
;240940;Pau dos Ferros;RN;2003;[24081000] Companhia de Águas e Esgotos do Rio Grande do Norte - CAERN;Água e Esgoto;;25.969;23.402;24.698;2.723;;;100,00;11,64;
2411205;241120;Santa Cruz;RN;2022;[24112040] Prefeitura Municipal de Santa Cruz - RN - PMSC;Res. Sólidos;Administração pública direta;37.313;;;;;;;;
2411205;241120;Santa Cruz;RN;2021;[24112040] Prefeitura Municipal de Santa Cruz - RN - PMSC;Res. Sólidos;Administração pública direta;40.295;34.331;;;;;;;
2411205;241120;Santa Cruz;RN;2020;[24112040] Prefeitura Municipal de Santa Cruz - RN - PMSC;Res. Sólidos;Administração pública direta;39.988;34.070;;;;;;;
2411205;241120;Santa Cruz;RN;2019;[24112040] Prefeitura Municipal de Santa Cruz - RN - PMSC;Res. Sólidos;Administração pública direta;39.674;33.802;;;;;;;
;241120;Santa Cruz;RN;2018;;;;39.355;33.530;;;;;;;
;241120;Santa Cruz;RN;2017;[24112011] Serviço Autônomo de Água e Esgoto - SAAE | [24112040] Prefeitura Municipal de Santa Cruz - RN - PMSC;Água e Esgoto | Res. Sólidos;;39.667;33.796;33.785;32.620;;78,01;100,00;96,52;
;241120;Santa Cruz;RN;2016;[24112011] Serviço Autônomo de Água e Esgoto - SAAE | [24112040] Prefeitura Municipal de Santa Cruz - RN - PMSC;Água e Esgoto | Res. Sólidos;;39.300;33.484;33.480;32.250;;78,29;100,00;96,31;
;241120;Santa Cruz;RN;2015;[24112011] Serviço Autônomo de Água e Esgoto - SAAE | [24112040] Prefeitura Municipal de Santa Cruz - RN - PMSC;Água e Esgoto | Res. Sólidos;;38.924;33.163;33.163;31.150;;77,13;100,00;93,93;
;241120;Santa Cruz;RN;2014;[24112011] Serviço Autônomo de Água e Esgoto - SAAE | [24112040] Prefeitura Municipal de Santa Cruz - RN - PMSC;Água e Esgoto | Res. Sólidos;;38.538;32.834;32.750;29.950;;77,49;100,00;91,22;
;241120;Santa Cruz;RN;2013;[24112011] Serviço Autônomo de Água e Esgoto - SAAE | [24112040] Prefeitura Municipal de Santa Cruz - RN - PMSC;Água e Esgoto | Res. Sólidos;;38.142;32.497;32.400;29.500;;77,08;100,00;90,78;
;241120;Santa Cruz;RN;2012;[24112011] Serviço Autônomo de Água e Esgoto - SAAE | [24112040] Prefeitura Municipal de Santa Cruz - RN - PMSC;Água e Esgoto | Res. Sólidos;;36.477;31.078;31.078;29.089;;78,80;100,00;93,60;
;241120;Santa Cruz;RN;2011;[24112011] Serviço Autônomo de Água e Esgoto - SAAE;Água e Esgoto;;36.143;30.794;28.735;25.861;;77,95;100,00;83,98;
;241120;Santa Cruz;RN;2010;[24112011] Serviço Autônomo de Água e Esgoto - SAAE;Água e Esgoto;;35.797;30.499;9.933;8.746;;76,35;100,00;28,68;
;241120;Santa Cruz;RN;2009;;;;35.095;29.185;;;;;;;
;241120;Santa Cruz;RN;2008;[24112011] Serviço Autônomo de Água e Esgoto - SAAE | [24112040] Prefeitura Municipal de Santa Cruz - RN - PMSC;Água e Esgoto | Res. Sólidos;;34.769;28.914;31.800;24.666;28.914;74,10;92,95;85,31;
;241120;Santa Cruz;RN;2007;[24112011] Serviço Autônomo de Água e Esgoto - SAAE | [24112040] Prefeitura Municipal de Santa Cruz - RN - PMSC;Água e Esgoto | Res. Sólidos;;33.736;28.055;31.120;24.115;35.000;69,13;95,03;85,96;
;241120;Santa Cruz;RN;2006;[24112011] Serviço Autônomo de Água e Esgoto - SAAE | [24112040] Prefeitura Municipal de Santa Cruz - RN - PMSC;Água e Esgoto | Res. Sólidos;;33.245;27.190;27.926;24.055;25.000;69,56;94,73;88,47;
;241120;Santa Cruz;RN;2005;[24112011] Serviço Autônomo de Água e Esgoto - SAAE | [24112040] Prefeitura Municipal de Santa Cruz - RN - PMSC;Água e Esgoto | Res. Sólidos;;32.948;26.947;27.650;23.779;26.000;69,67;100,00;88,24;
;241120;Santa Cruz;RN;2004;[24112011] Serviço Autônomo de Água e Esgoto - SAAE;Água e Esgoto;;32.648;26.701;27.650;22.900;;69,71;0,00;85,76;
;241120;Santa Cruz;RN;2003;[24112011] Serviço Autônomo de Água e Esgoto - SAAE;Água e Esgoto;;32.107;26.259;28.000;28.000;;71,06;0,00;100,00;
2414407;241440;Touros;RN;2022;[24081000] Companhia de Águas e Esgotos do Rio Grande do Norte - CAERN | [24144011] Serviço Autônomo de Água e Esgoto - SAAE | [24144040] PREFEITURA MUNICIPAL DE TOUROS - PMT;Água | Água e Esgoto | Res. Sólidos;Sociedade de economia mista com administração pública | Autarquia | Administração pública direta;33.035;;33.035;3.072;;7,50;100,00;;
2414407;241440;Touros;RN;2021;[24081000] Companhia de Águas e Esgotos do Rio Grande do Norte - CAERN | [24144011] Serviço Autônomo de Água e Esgoto - SAAE | [24144040] PREFEITURA MUNICIPAL DE TOUROS - PMT;Água | Água e Esgoto | Res. Sólidos;Sociedade de economia mista com administração pública | Autarquia | Administração pública direta;33.716;8.591;31.425;2.702;;7,52;100,00;31,45;
2414407;241440;Touros;RN;2020;[24081000] Companhia de Águas e Esgotos do Rio Grande do Norte - CAERN | [24144011] Serviço Autônomo de Água e Esgoto - SAAE | [24144040] PREFEITURA MUNICIPAL DE TOUROS - PMT;Água | Água e Esgoto | Res. Sólidos;Sociedade de economia mista com administração pública | Autarquia | Administração pública direta;33.503;8.537;28.004;3.200;;5,89;100,00;37,48;
2414407;241440;Touros;RN;2019;[24081000] Companhia de Águas e Esgotos do Rio Grande do Norte - CAERN;Água;Sociedade de economia mista com administração pública;33.287;8.482;2.765;;;;;;
;241440;Touros;RN;2018;[24081000] Companhia de Águas e Esgotos do Rio Grande do Norte - CAERN;Água;;33.734;8.596;2.753;;;;;;
;241440;Touros;RN;2017;[24081000] Companhia de Águas e Esgotos do Rio Grande do Norte - CAERN;Água;;34.043;8.675;2.495;;;;;;
;241440;Touros;RN;2016;[24081000] Companhia de Águas e Esgotos do Rio Grande do Norte - CAERN;Água;;33.778;8.607;2.649;;;;;;
;241440;Touros;RN;2015;[24081000] Companhia de Águas e Esgotos do Rio Grande do Norte - CAERN;Água;;33.506;8.538;2.463;;;;;;
;241440;Touros;RN;2014;[24081000] Companhia de Águas e Esgotos do Rio Grande do Norte - CAERN;Água;;33.228;8.467;2.130;;;;;;
;241440;Touros;RN;2013;[24081000] Companhia de Águas e Esgotos do Rio Grande do Norte - CAERN;Água;;32.942;8.394;2.222;;;;;;
;241440;Touros;RN;2012;[24081000] Companhia de Águas e Esgotos do Rio Grande do Norte - CAERN | [24144011] Serviço Autônomo de Água e Esgoto - SAAE;Água | Água e Esgoto;;31.574;8.046;26.825;3.240;;9,60;100,00;40,27;
;241440;Touros;RN;2011;[24081000] Companhia de Águas e Esgotos do Rio Grande do Norte - CAERN | [24144040] PREFEITURA MUNICIPAL DE TOUROS - PMT;Água | Res. Sólidos;;31.336;7.985;341;;;;;;
;241440;Touros;RN;2010;[24081000] Companhia de Águas e Esgotos do Rio Grande do Norte - CAERN;Água;;31.089;7.922;368;;;;;;
;241440;Touros;RN;2009;[24081000] Companhia de Águas e Esgotos do Rio Grande do Norte - CAERN | [24144011] Serviço Autônomo de Água e Esgoto - SAAE;Água | Água e Esgoto;;30.549;8.139;26.110;3.372;;4,94;100,00;41,43;
;241440;Touros;RN;2008;[24144011] Serviço Autônomo de Água e Esgoto - SAAE;Água e Esgoto;;30.325;8.079;25.164;3.200;;6,19;100,00;39,61;
;241440;Touros;RN;2007;;;;29.436;7.842;;;;;;;
;241440;Touros;RN;2006;[24144011] Serviço Autônomo de Água e Esgoto - SAAE;Água e Esgoto;;32.801;8.935;21.240;1.438;;9,52;100,00;16,09;
;241440;Touros;RN;2005;;;;32.052;8.731;;;;;;;
;241440;Touros;RN;2004;;;;31.296;8.525;;;;;;;
;241440;Touros;RN;2003;;;;29.931;8.153;;;;;;;
TOTAL da AMOSTRA:;---;---;---;---;---;---;---;26.340.677;23.632.470;23.840.642;9.248.372;6.426.267;;;;
